,fecha_dato,ncodpers,ind_empleado,pais_residencia,sexo,age,fecha_alta,ind_nuevo,antiguedad,indrel,ult_fec_cli_1t,indrel_1mes,tiprel_1mes,indresi,indext,conyuemp,canal_entrada,indfall,tipodom,cod_prov,nomprov,ind_actividad_cliente,renta
0,2015-01-28,1375586,N,ES,H,35,2015-01-12,0,6,1,,1,A,S,N,,KHL,N,1,29,MALAGA,1,87218.1
1,2015-01-28,1050611,N,ES,V,23,2012-08-10,0,35,1,,1,I,S,S,,KHE,N,1,13,CIUDAD REAL,0,35548.74
2,2015-01-28,1050612,N,ES,V,23,2012-08-10,0,35,1,,1,I,S,N,,KHE,N,1,13,CIUDAD REAL,0,122179.11
3,2015-01-28,1050613,N,ES,H,22,2012-08-10,0,35,1,,1,I,S,N,,KHD,N,1,50,ZARAGOZA,0,119775.54
4,2015-01-28,1050614,N,ES,V,23,2012-08-10,0,35,1,,1,A,S,N,,KHE,N,1,50,ZARAGOZA,1,
5,2015-01-28,1050615,N,ES,H,23,2012-08-10,0,35,1,,1,I,S,N,,KHE,N,1,45,TOLEDO,0,22220.04
6,2015-01-28,1050616,N,ES,H,23,2012-08-10,0,35,1,,1,I,S,N,,KHE,N,1,24,LEON,0,295590.36
7,2015-01-28,1050617,N,ES,H,23,2012-08-10,0,35,1,,1,A,S,N,,KHE,N,1,50,ZARAGOZA,1,113316.66
8,2015-01-28,1050619,N,ES,H,24,2012-08-10,0,35,1,,1,I,S,N,,KHE,N,1,20,GIPUZKOA,0,
9,2015-01-28,1050620,N,ES,H,23,2012-08-10,0,35,1,,1,I,S,N,,KHE,N,1,10,CACERES,0,113194.98
10,2015-01-28,1050621,N,ES,V,23,2012-08-10,0,35,1,,1,I,S,N,,KHE,N,1,50,ZARAGOZA,0,72575.88
11,2015-01-28,1050622,N,ES,H,23,2012-08-10,0,35,1,,1,I,S,N,,KHE,N,1,17,GIRONA,0,
12,2015-01-28,1050623,N,ES,H,23,2012-08-10,0,35,1,,1,A,S,N,,KHE,N,1,49,ZAMORA,1,113538.81
13,2015-01-28,1050624,N,ES,H,65,2012-08-10,0,35,1,,1,A,S,N,,KHE,N,1,50,ZARAGOZA,1,61605.09
14,2015-01-28,1050625,N,ES,V,23,2012-08-10,0,35,1,,1,A,S,N,,KHE,N,1,49,ZAMORA,1,
15,2015-01-28,1050626,N,ES,V,23,2012-08-10,0,35,1,,1,A,S,N,,KHE,N,1,8,BARCELONA,1,
16,2015-01-28,1050610,N,ES,V,24,2012-08-10,0,35,1,,1,I,S,N,,KHE,N,1,37,SALAMANCA,1,68318.46
17,2015-01-28,1050627,N,ES,H,23,2012-08-10,0,35,1,,1,I,S,N,,KHE,N,1,13,CIUDAD REAL,0,65608.35
18,2015-01-28,1050609,N,ES,H,22,2012-08-10,0,35,1,,1,I,S,N,,KFA,N,1,13,CIUDAD REAL,1,73432.47
19,2015-01-28,1050605,N,ES,V,23,2012-08-10,0,35,1,,1,I,S,N,,KHE,N,1,45,TOLEDO,0,
20,2015-01-28,1050582,N,ES,V,28,2012-08-10,0,35,1,,1,I,S,N,,KHE,N,1,13,CIUDAD REAL,1,64620.57
21,2015-01-28,1050586,N,ES,V,23,2012-08-10,0,35,1,,1,A,S,N,,KHE,N,1,13,CIUDAD REAL,1,64194.99
22,2015-01-28,1050588,N,ES,H,22,2012-08-10,0,35,1,,1,I,S,N,,KHE,N,1,9,BURGOS,1,
23,2015-01-28,1050589,N,ES,V,23,2012-08-10,0,35,1,,1,I,S,N,,KHE,N,1,22,HUESCA,0,119173.89
24,2015-01-28,1050591,N,ES,H,23,2012-08-10,0,35,1,,1,A,S,N,,KHE,N,1,13,CIUDAD REAL,1,58728.39
25,2015-01-28,1050592,N,ES,H,22,2012-08-10,0,35,1,,1,I,S,N,,KHD,N,1,31,NAVARRA,0,
26,2015-01-28,1050595,N,ES,V,25,2012-08-10,0,35,1,,1,A,S,N,,KHE,N,1,5,AVILA,1,86863.38
27,2015-01-28,1050596,N,ES,H,25,2012-08-10,0,35,1,,1,A,S,S,,KHE,N,1,50,ZARAGOZA,1,68421.36
28,2015-01-28,1050597,N,ES,H,23,2012-08-10,0,35,1,,1,A,S,N,,KHE,N,1,45,TOLEDO,0,
29,2015-01-28,1050598,N,ES,H,23,2012-08-10,0,35,1,,1,A,S,N,,KHE,N,1,45,TOLEDO,1,90408.75
30,2015-01-28,1050599,N,ES,V,24,2012-08-10,0,35,1,,1,I,S,N,,KHE,N,1,49,ZAMORA,0,74780.37
31,2015-01-28,1050601,N,ES,V,26,2012-08-10,0,35,1,,1,I,S,N,,KHE,N,1,45,TOLEDO,0,120146.49
32,2015-01-28,1050602,N,ES,V,23,2012-08-10,0,35,1,,1,A,S,N,,KHE,N,1,37,SALAMANCA,1,91282.71
33,2015-01-28,1050603,N,ES,H,23,2012-08-10,0,35,1,,1,I,S,N,,KHE,N,1,50,ZARAGOZA,1,131351.94
34,2015-01-28,1050604,N,ES,H,53,2012-08-10,0,35,1,,1,A,S,N,,KHE,N,1,37,SALAMANCA,0,113279.1
35,2015-01-28,1050607,N,ES,V,27,2012-08-10,0,35,1,,1,I,S,N,,KHE,N,1,40,SEGOVIA,0,70777.59
36,2015-01-28,1050580,N,ES,H,23,2012-08-10,0,35,1,,1,A,S,N,,KHE,N,1,27,LUGO,1,77320.92
37,2015-01-28,1050628,N,ES,V,22,2012-08-10,0,35,1,,1,I,S,N,,KHE,N,1,25,LERIDA,0,
38,2015-01-28,1050630,N,ES,V,22,2012-08-10,0,35,1,,1,I,S,S,,KHD,N,1,8,BARCELONA,0,64398.06
39,2015-01-28,1050669,N,ES,V,32,2012-08-10,0,35,1,,1,A,S,N,,KFC,N,1,29,MALAGA,1,171398.85
40,2015-01-28,1050670,N,ES,V,37,2012-08-10,0,35,1,,1,A,S,N,,KFC,N,1,37,SALAMANCA,1,64031.25
41,2015-01-28,1050676,N,ES,V,31,2012-08-10,0,35,1,,1,A,S,N,,KFC,N,1,45,TOLEDO,0,90431.85
42,2015-01-28,1050679,N,ES,V,39,2012-08-10,0,35,1,,1,A,S,N,,KFC,N,1,28,MADRID,1,157191.69
43,2015-01-28,1050680,N,ES,V,53,2012-08-10,0,35,1,,1,A,S,N,,KFC,N,1,8,BARCELONA,0,133092.33
44,2015-01-28,1050686,N,ES,V,39,2012-08-10,0,35,1,,1,A,S,N,,KFC,N,1,10,CACERES,1,37075.26
45,2015-01-28,1050688,N,ES,V,63,2012-08-10,0,35,1,,1,A,S,N,,KFC,N,1,28,MADRID,1,245052.27
46,2015-01-28,1050693,N,ES,V,37,2012-08-10,0,35,1,,1,A,S,N,,KFC,N,1,8,BARCELONA,0,104035.08
47,2015-01-28,1050694,N,ES,V,31,2012-08-10,0,35,1,,1,A,S,N,,KFC,N,1,28,MADRID,1,57155.34
48,2015-01-28,1050697,N,ES,H,33,2012-08-10,0,35,1,,1,A,S,N,,KFC,N,1,28,MADRID,1,
49,2015-01-28,1050703,N,ES,V,23,2012-08-10,0,35,1,,1,I,S,N,,KHE,N,1,22,HUESCA,0,53631.36
50,2015-01-28,1050704,N,ES,V,23,2012-08-10,0,35,1,,1,I,S,N,,KHE,N,1,8,BARCELONA,0,72880.8
51,2015-01-28,1050706,N,ES,H,33,2012-08-10,0,35,1,,1,I,S,N,,KHE,N,1,37,SALAMANCA,1,84061.95
52,2015-01-28,1050707,N,ES,V,23,2012-08-10,0,35,1,,1,I,S,N,,KHE,N,1,3,ALICANTE,0,106686.96
53,2015-01-28,1050710,N,ES,H,23,2012-08-10,0,35,1,,1,I,S,N,,KHE,N,1,3,ALICANTE,0,132398.4
54,2015-01-28,1050663,N,ES,H,23,2012-08-10,0,35,1,,1,A,S,N,,KFC,N,1,42,SORIA,1,148080.45
55,2015-01-28,1050629,N,ES,V,55,2012-08-10,0,35,1,,1,I,S,N,,KHE,N,1,50,ZARAGOZA,0,101919.09
56,2015-01-28,1050662,N,ES,V,37,2012-08-10,0,35,1,,1,A,S,N,,KAT,N,1,28,MADRID,1,122456.91
57,2015-01-28,1050660,N,ES,H,32,2012-08-10,0,35,1,,1,A,S,N,,KFC,N,1,41,SEVILLA,1,94683.27
58,2015-01-28,1050632,N,ES,H,23,2012-08-10,0,35,1,,1,I,S,N,,KHE,N,1,8,BARCELONA,0,289211.4
59,2015-01-28,1050633,N,ES,V,23,2012-08-10,0,35,1,,1,A,S,N,,KHE,N,1,45,TOLEDO,1,34406.58
60,2015-01-28,1050634,N,ES,H,55,2012-08-10,0,35,1,,1,I,S,N,,KHE,N,1,50,ZARAGOZA,0,101919.09
61,2015-01-28,1050635,N,ES,V,23,2012-08-10,0,35,1,,1,A,S,N,,KHE,N,1,37,SALAMANCA,1,77346.51
62,2015-01-28,1050636,N,ES,H,23,2012-08-10,0,35,1,,1,A,S,N,,KHE,N,1,39,CANTABRIA,1,136930.23
63,2015-01-28,1050639,N,ES,V,23,2012-08-10,0,35,1,,1,A,S,N,,KHE,N,1,50,ZARAGOZA,1,148677.18
64,2015-01-28,1050641,N,ES,V,42,2012-08-10,0,35,1,,1,A,S,N,,KFC,N,1,28,MADRID,1,45345.18
65,2015-01-28,1050642,N,ES,V,58,2012-08-10,0,35,1,,1,I,S,N,,KFC,N,1,29,MALAGA,0,
66,2015-01-28,1050647,N,ES,H,38,2012-08-10,0,35,1,,1,A,S,N,,KAT,N,1,3,ALICANTE,1,28359.36
67,2015-01-28,1050648,N,ES,V,50,2012-08-10,0,35,1,,1,A,S,N,,KAT,N,1,28,MADRID,1,137894.64
68,2015-01-28,1050651,N,ES,H,30,2012-08-10,0,35,1,,1,A,S,N,,KFC,N,1,7,"BALEARS, ILLES",1,139502.28
69,2015-01-28,1050652,N,ES,H,31,2012-08-10,0,35,1,,1,A,S,N,,KFC,N,1,47,VALLADOLID,1,149099.88
70,2015-01-28,1050655,N,ES,H,45,2012-08-10,0,35,1,,1,A,S,N,,KFC,N,1,36,PONTEVEDRA,1,95302.5
71,2015-01-28,1050658,N,ES,H,44,2012-08-10,0,35,1,,1,I,S,N,,KAT,N,1,28,MADRID,0,110245.53
72,2015-01-28,1050659,N,ES,V,39,2012-08-10,0,35,1,,1,A,S,N,,KFC,N,1,7,"BALEARS, ILLES",1,
73,2015-01-28,1050661,N,ES,V,37,2012-08-10,0,35,1,,1,A,S,N,,KFC,N,1,46,VALENCIA,1,60072.81
74,2015-01-28,1050711,N,ES,V,23,2012-08-10,0,35,1,,1,I,S,N,,KHE,N,1,49,ZAMORA,0,
75,2015-01-28,1050579,N,ES,H,27,2012-08-10,0,35,1,,1,I,S,N,,KHD,N,1,44,TERUEL,0,34802.01
76,2015-01-28,1050577,N,ES,H,23,2012-08-10,0,35,1,,1,A,S,N,,KHE,N,1,22,HUESCA,1,79998.72
77,2015-01-28,1050507,N,ES,V,27,2012-08-10,0,35,1,,1,A,S,N,,KHE,N,1,46,VALENCIA,1,55331.31
78,2015-01-28,1050508,N,ES,H,27,2012-08-10,0,35,1,,1,A,S,S,,KHE,N,1,8,BARCELONA,1,173223.78
79,2015-01-28,1050509,N,ES,H,23,2012-08-10,0,35,1,,1,I,S,N,,KHE,N,1,50,ZARAGOZA,0,47332.86
80,2015-01-28,1050511,N,ES,H,23,2012-08-10,0,35,1,,1,I,S,N,,KHE,N,1,15,"CORU�A, A",1,111933
81,2015-01-28,1050512,N,ES,H,31,2012-08-10,0,35,1,,1,I,S,N,,KHE,N,1,45,TOLEDO,0,107634.66
82,2015-01-28,1050513,N,ES,V,23,2012-08-10,0,35,1,,1,I,S,N,,KHE,N,1,46,VALENCIA,0,55561.62
83,2015-01-28,1050514,N,ES,H,28,2012-08-10,0,35,1,,1,I,S,S,,KHE,N,1,8,BARCELONA,0,215373.3
84,2015-01-28,1050515,N,ES,H,23,2012-08-10,0,35,1,,1,I,S,N,,KHE,N,1,10,CACERES,0,64258.14
85,2015-01-28,1050516,N,ES,H,24,2012-08-10,0,35,1,,1,I,S,N,,KHE,N,1,45,TOLEDO,0,
86,2015-01-28,1050517,N,ES,V,27,2012-08-10,0,35,1,,1,A,S,N,,KHE,N,1,22,HUESCA,1,59930.22
87,2015-01-28,1050520,N,ES,V,23,2012-08-10,0,35,1,,1,I,S,N,,KHE,N,1,45,TOLEDO,0,162609.54
88,2015-01-28,1050521,N,ES,H,23,2012-08-10,0,35,1,,1,I,S,N,,KHE,N,1,32,OURENSE,1,74708.49
89,2015-01-28,1050522,N,ES,V,25,2012-08-10,0,35,1,,1,I,S,N,,KHE,N,1,50,ZARAGOZA,0,68155.5
90,2015-01-28,1050523,N,ES,H,24,2012-08-10,0,35,1,,1,I,S,N,,KHE,N,1,46,VALENCIA,0,77383.98
91,2015-01-28,1050524,N,ES,V,25,2012-08-10,0,35,1,,1,I,S,N,,KHE,N,1,27,LUGO,0,56347.68
92,2015-01-28,1050505,N,ES,V,25,2012-08-10,0,35,1,,1,I,S,N,,KHE,N,1,45,TOLEDO,0,112330.35
93,2015-01-28,1050525,N,ES,H,26,2012-08-10,0,35,1,,1,I,S,N,,KHE,N,1,28,MADRID,0,95392.71
94,2015-01-28,1050504,N,ES,V,36,2012-08-10,0,35,1,,1,I,S,N,,KHE,N,1,23,JAEN,0,73020.18
95,2015-01-28,1050502,N,ES,H,23,2012-08-10,0,35,1,,1,I,S,N,,KHE,N,1,13,CIUDAD REAL,0,
96,2015-01-28,1050487,N,ES,H,23,2012-08-10,0,35,1,,1,I,S,N,,KHE,N,1,15,"CORU�A, A",0,101293.11
97,2015-01-28,1050488,N,ES,V,26,2012-08-10,0,35,1,,1,A,S,N,,KHE,N,1,22,HUESCA,1,113580.78
98,2015-01-28,1050489,N,ES,H,23,2012-08-10,0,35,1,,1,A,S,N,,KHE,N,1,8,BARCELONA,1,158207.4
99,2015-01-28,1050490,N,ES,V,23,2012-08-10,0,35,1,,1,A,S,N,,KHE,N,1,13,CIUDAD REAL,1,
100,2015-01-28,1050491,N,ES,V,23,2012-08-10,0,35,1,,1,I,S,N,,KHE,N,1,45,TOLEDO,0,60067.86
101,2015-01-28,1050492,N,ES,V,25,2012-08-10,0,35,1,,1,A,S,N,,KHE,N,1,45,TOLEDO,1,77713.95
102,2015-01-28,1050493,N,ES,H,23,2012-08-10,0,35,1,,1,I,S,N,,KHE,N,1,37,SALAMANCA,0,
103,2015-01-28,1050494,N,ES,V,38,2012-08-10,0,35,1,,1,I,S,N,,KHE,N,1,45,TOLEDO,0,42423.03
104,2015-01-28,1050495,N,ES,H,23,2012-08-10,0,35,1,,1,I,S,N,,KHE,N,1,27,LUGO,1,154107.09
105,2015-01-28,1050496,N,ES,V,28,2012-08-10,0,35,1,,1,A,S,N,,KHE,N,1,50,ZARAGOZA,1,93241.92
106,2015-01-28,1050497,N,ES,H,23,2012-08-10,0,35,1,,1,I,S,S,,KHE,N,1,45,TOLEDO,0,46257.72
107,2015-01-28,1050498,N,ES,V,24,2012-08-10,0,35,1,,1,I,S,N,,KHE,N,1,16,CUENCA,0,
108,2015-01-28,1050499,N,ES,H,23,2012-08-10,0,35,1,,1,I,S,N,,KHE,N,1,8,BARCELONA,0,130311.75
109,2015-01-28,1050500,N,ES,V,24,2012-08-10,0,35,1,,1,I,S,N,,KHE,N,1,13,CIUDAD REAL,0,58682.34
110,2015-01-28,1050501,N,ES,V,63,2012-08-10,0,35,1,,1,A,S,N,,KHE,N,1,13,CIUDAD REAL,1,58682.34
111,2015-01-28,1050503,N,ES,V,23,2012-08-10,0,35,1,,1,A,S,N,,KHE,N,1,36,PONTEVEDRA,1,
112,2015-01-28,1050578,N,ES,V,23,2012-08-10,0,35,1,,1,I,S,N,,KHE,N,1,10,CACERES,0,103775.1
113,2015-01-28,1050526,N,ES,V,22,2012-08-10,0,35,1,,1,I,S,N,,KHE,N,1,50,ZARAGOZA,0,59551.65
114,2015-01-28,1050529,N,ES,H,24,2012-08-10,0,35,1,,1,I,S,N,,KHE,N,1,13,CIUDAD REAL,0,36372
115,2015-01-28,1050553,N,ES,H,24,2012-08-10,0,35,1,,1,A,S,N,,KHE,N,1,15,"CORU�A, A",1,
116,2015-01-28,1050556,N,ES,H,23,2012-08-10,0,35,1,,1,A,S,N,,KHE,N,1,49,ZAMORA,1,134770.2
117,2015-01-28,1050557,N,ES,H,27,2012-08-10,0,35,1,,1,I,S,N,,KHE,N,1,28,MADRID,0,124518.48
118,2015-01-28,1050560,N,ES,H,23,2012-08-10,0,35,1,,1,A,S,N,,KHE,N,1,13,CIUDAD REAL,1,59537.49
119,2015-01-28,1050561,N,ES,H,23,2012-08-10,0,35,1,,1,I,S,N,,KHE,N,1,45,TOLEDO,0,120146.49
120,2015-01-28,1050562,N,ES,V,25,2012-08-10,0,35,1,,1,I,S,N,,KHE,N,1,50,ZARAGOZA,0,63342.36
121,2015-01-28,1050565,N,ES,H,33,2012-08-10,0,35,1,,1,A,S,N,,KHE,N,1,46,VALENCIA,1,54141.03
122,2015-01-28,1050567,N,ES,V,22,2012-08-10,0,35,1,,1,I,S,N,,KHE,N,1,44,TERUEL,0,74689.35
123,2015-01-28,1050568,N,ES,H,38,2012-08-10,0,35,1,,1,I,S,N,,KHE,N,1,45,TOLEDO,0,147215.97
124,2015-01-28,1050569,N,ES,V,23,2012-08-10,0,35,1,,1,I,S,N,,KHE,N,1,13,CIUDAD REAL,0,99272.52
125,2015-01-28,1050570,N,ES,H,23,2012-08-10,0,35,1,,1,A,S,N,,KHE,N,1,45,TOLEDO,1,46145.94
126,2015-01-28,1050571,N,ES,H,23,2012-08-10,0,35,1,,1,A,S,N,,KHE,N,1,48,BIZKAIA,1,
127,2015-01-28,1050573,N,ES,V,45,2012-08-10,0,35,1,,1,I,S,N,,KHE,N,1,45,TOLEDO,0,147215.97
128,2015-01-28,1050574,N,ES,H,23,2012-08-10,0,35,1,,1,A,S,N,,KHE,N,1,13,CIUDAD REAL,1,64347.36
129,2015-01-28,1050575,N,ES,V,24,2012-08-10,0,35,1,,1,A,S,N,,KHE,N,1,46,VALENCIA,1,151852.47
130,2015-01-28,1050552,N,ES,V,23,2012-08-10,0,35,1,,1,A,S,N,,KHE,N,1,46,VALENCIA,1,82756.11
131,2015-01-28,1050527,N,ES,H,23,2012-08-10,0,35,1,,1,I,S,N,,KHE,N,1,46,VALENCIA,0,67018.92
132,2015-01-28,1050551,N,ES,H,26,2012-08-10,0,35,1,,1,I,S,N,,KHE,N,1,28,MADRID,0,111926.91
133,2015-01-28,1050549,N,ES,V,29,2012-08-10,0,35,1,,1,I,S,N,,KHE,N,1,45,TOLEDO,0,56603.76
134,2015-01-28,1050530,N,ES,V,23,2012-08-10,0,35,1,,1,I,S,N,,KHE,N,1,17,GIRONA,0,58801.02
135,2015-01-28,1050531,N,ES,H,23,2012-08-10,0,35,1,,1,A,S,N,,KHE,N,1,27,LUGO,1,
136,2015-01-28,1050532,N,ES,V,22,2012-08-10,0,35,1,,1,I,S,N,,KHE,N,1,50,ZARAGOZA,0,134144.28
137,2015-01-28,1050533,N,ES,H,23,2012-08-10,0,35,1,,1,I,S,N,,KHE,N,1,12,CASTELLON,0,
138,2015-01-28,1050534,N,ES,V,31,2012-08-10,0,35,1,,1,I,S,N,,KHE,N,1,28,MADRID,0,
139,2015-01-28,1050535,N,ES,H,23,2012-08-10,0,35,1,,1,A,S,N,,KHE,N,1,15,"CORU�A, A",0,
140,2015-01-28,1050536,N,ES,V,23,2012-08-10,0,35,1,,1,I,S,N,,KHE,N,1,46,VALENCIA,0,37778.01
141,2015-01-28,1050537,N,ES,H,23,2012-08-10,0,35,1,,1,A,S,N,,KHE,N,1,50,ZARAGOZA,1,214309.14
142,2015-01-28,1050540,N,ES,H,25,2012-08-10,0,35,1,,1,I,S,N,,KHE,N,1,46,VALENCIA,0,
143,2015-01-28,1050541,N,ES,V,23,2012-08-10,0,35,1,,1,I,S,N,,KHE,N,1,27,LUGO,0,112228.41
144,2015-01-28,1050542,N,ES,V,23,2012-08-10,0,35,1,,1,A,S,N,,KHE,N,1,26,"RIOJA, LA",1,66540.48
145,2015-01-28,1050543,N,ES,H,23,2012-08-10,0,35,1,,1,A,S,N,,KHE,N,1,49,ZAMORA,0,73414.65
146,2015-01-28,1050544,N,ES,H,25,2012-08-10,0,35,1,,1,I,S,N,,KHE,N,1,27,LUGO,0,
147,2015-01-28,1050547,N,ES,H,23,2012-08-10,0,35,1,,1,I,S,N,,KHE,N,1,46,VALENCIA,0,189110.64
148,2015-01-28,1050548,N,ES,V,27,2012-08-10,0,35,1,,1,A,S,N,,KHE,N,1,13,CIUDAD REAL,1,84365.58
149,2015-01-28,1050550,N,ES,H,23,2012-08-10,0,35,1,,1,A,S,N,,KHE,N,1,45,TOLEDO,1,42247.26
150,2015-01-28,1050713,N,ES,V,23,2012-08-10,0,35,1,,1,I,S,N,,KHE,N,1,8,BARCELONA,0,180338.19
151,2015-01-28,1050715,N,ES,V,22,2012-08-10,0,35,1,,1,A,S,N,,KHD,N,1,2,ALBACETE,1,103915.47
152,2015-01-28,1050717,N,ES,V,23,2012-08-10,0,35,1,,1,I,S,N,,KHE,N,1,8,BARCELONA,0,133865.43
153,2015-01-28,1050873,N,ES,H,31,2012-08-10,0,35,1,,1,I,S,N,,KHE,N,1,46,VALENCIA,0,
154,2015-01-28,1050874,N,ES,H,27,2012-08-10,0,35,1,,1,A,S,N,,KHE,N,1,5,AVILA,1,65012.64
155,2015-01-28,1050875,N,ES,V,22,2012-08-10,0,35,1,,1,A,S,N,,KHE,N,1,8,BARCELONA,1,
156,2015-01-28,1050878,N,ES,V,30,2012-08-10,0,35,1,,1,A,S,N,,KHE,N,1,28,MADRID,1,126039.36
157,2015-01-28,1050879,N,ES,H,26,2012-08-10,0,35,1,,1,A,S,N,,KHE,N,1,28,MADRID,0,72203.85
158,2015-01-28,1050884,N,ES,V,29,2012-08-10,0,35,1,,1,A,S,N,,KHE,N,1,28,MADRID,0,323722.5
159,2015-01-28,1050885,N,ES,H,24,2012-08-10,0,35,1,,1,I,S,N,,KHE,N,1,6,BADAJOZ,0,
160,2015-01-28,1050887,N,ES,H,26,2012-08-10,0,35,1,,1,I,S,N,,KHE,N,1,37,SALAMANCA,0,
161,2015-01-28,1050888,N,ES,V,23,2012-08-10,0,35,1,,1,A,S,N,,KHE,N,1,28,MADRID,1,243690.57
162,2015-01-28,1050890,N,ES,H,26,2012-08-10,0,35,1,,1,I,S,N,,KHE,N,1,5,AVILA,0,93297.81
163,2015-01-28,1050891,N,ES,H,23,2012-08-10,0,35,1,,1,I,S,N,,KHE,N,1,28,MADRID,0,
164,2015-01-28,1050893,N,ES,H,23,2012-08-10,0,35,1,,1,A,S,N,,KHE,N,1,37,SALAMANCA,1,102242.25
165,2015-01-28,1050894,N,ES,H,25,2012-08-10,0,35,1,,1,A,S,N,,KHE,N,1,28,MADRID,1,92941.65
166,2015-01-28,1050896,N,ES,H,23,2012-08-10,0,35,1,,1,I,S,N,,KHE,N,1,22,HUESCA,0,72729.48
167,2015-01-28,1050897,N,ES,V,22,2012-08-10,0,35,1,,1,A,S,N,,KHE,N,1,3,ALICANTE,1,112788.39
168,2015-01-28,1050872,N,ES,V,60,2012-08-10,0,35,1,,1,A,S,N,,KHE,N,1,28,MADRID,1,330939.12
169,2015-01-28,1050898,N,ES,H,26,2012-08-10,0,35,1,,1,I,S,N,,KHE,N,1,46,VALENCIA,0,57358.02
170,2015-01-28,1050871,N,ES,H,23,2012-08-10,0,35,1,,1,A,S,N,,KHE,N,1,39,CANTABRIA,1,68472.63
171,2015-01-28,1050867,N,ES,V,23,2012-08-10,0,35,1,,1,I,S,N,,KHE,N,1,37,SALAMANCA,0,85170.99
172,2015-01-28,1050841,N,ES,V,23,2012-08-10,0,35,1,,1,I,S,N,,KHE,N,1,15,"CORU�A, A",1,99813.3
173,2015-01-28,1050844,N,ES,H,23,2012-08-10,0,35,1,,1,A,S,N,,KHE,N,1,37,SALAMANCA,1,72727.77
174,2015-01-28,1050846,N,ES,V,24,2012-08-10,0,35,1,,1,A,S,N,,KHE,N,1,28,MADRID,1,143977.8
175,2015-01-28,1050847,N,ES,V,22,2012-08-10,0,35,1,,1,I,S,N,,KHE,N,1,20,GIPUZKOA,0,
176,2015-01-28,1050848,N,ES,H,33,2012-08-10,0,35,1,,1,I,S,N,,KHE,N,1,46,VALENCIA,0,55686.72
177,2015-01-28,1050851,N,ES,V,24,2012-08-10,0,35,1,,1,I,S,N,,KHE,N,1,28,MADRID,0,43845
178,2015-01-28,1050852,N,ES,V,26,2012-08-10,0,35,1,,1,I,S,N,,KHE,N,1,49,ZAMORA,0,89386.86
179,2015-01-28,1050854,N,ES,V,23,2012-08-10,0,35,1,,1,I,S,N,,KHE,N,1,28,MADRID,0,115583.91
180,2015-01-28,1050855,N,ES,V,30,2012-08-10,0,35,1,,1,I,S,N,,KHE,N,1,37,SALAMANCA,0,81308.46
181,2015-01-28,1050857,N,ES,V,23,2012-08-10,0,35,1,,1,A,S,N,,KHE,N,1,28,MADRID,1,640168.26
182,2015-01-28,1050859,N,ES,H,23,2012-08-10,0,35,1,,1,A,S,N,,KHE,N,1,37,SALAMANCA,1,142219.8
183,2015-01-28,1050861,N,ES,H,23,2012-08-10,0,35,1,,1,I,S,N,,KHE,N,1,39,CANTABRIA,0,
184,2015-01-28,1050862,N,ES,H,23,2012-08-10,0,35,1,,1,A,S,N,,KHE,N,1,37,SALAMANCA,1,50577.66
185,2015-01-28,1050864,N,ES,V,25,2012-08-10,0,35,1,,1,I,S,N,,KHE,N,1,15,"CORU�A, A",0,109071.12
186,2015-01-28,1050865,N,ES,V,23,2012-08-10,0,35,1,,1,I,S,N,,KHE,N,1,28,MADRID,0,70577.61
187,2015-01-28,1050869,N,ES,V,31,2012-08-10,0,35,1,,1,A,S,S,,KHE,N,1,28,MADRID,1,45758.82
188,2015-01-28,1050838,N,ES,H,23,2012-08-10,0,35,1,,1,A,S,N,,KHE,N,1,15,"CORU�A, A",1,90092.43
189,2015-01-28,1050901,N,ES,H,31,2012-08-10,0,35,1,,1,I,S,N,,KHE,N,1,46,VALENCIA,0,84510.09
190,2015-01-28,1050905,N,ES,V,57,2012-08-10,0,35,1,,1,I,S,N,,KHE,N,1,46,VALENCIA,0,57926.16
191,2015-01-28,1050927,N,ES,H,32,2012-08-10,0,35,1,,1,I,S,N,,KHE,N,1,46,VALENCIA,0,195550.95
192,2015-01-28,1050930,N,ES,H,36,2012-08-10,0,35,1,,1,A,S,N,,KHE,N,1,46,VALENCIA,1,88561.68
193,2015-01-28,1050931,N,ES,H,25,2012-08-10,0,35,1,,1,A,S,N,,KHE,N,1,46,VALENCIA,1,
194,2015-01-28,1050932,N,ES,V,26,2012-08-10,0,35,1,,1,I,S,N,,KHE,N,1,46,VALENCIA,0,44001.6
195,2015-01-28,1050933,N,ES,H,23,2012-08-10,0,35,1,,1,I,S,N,,KHE,N,1,46,VALENCIA,0,49700.76
196,2015-01-28,1050934,N,ES,H,29,2012-08-10,0,35,1,,1,I,S,N,,KHE,N,1,46,VALENCIA,0,
197,2015-01-28,1050935,N,ES,V,25,2012-08-10,0,35,1,,1,I,S,N,,KHE,N,1,46,VALENCIA,0,47843.46
198,2015-01-28,1050936,N,ES,V,29,2012-08-10,0,35,1,,1,I,S,N,,KHE,N,1,46,VALENCIA,0,31697.07
199,2015-01-28,1050937,N,ES,V,30,2012-08-10,0,35,1,,1,I,S,N,,KHE,N,1,46,VALENCIA,0,50423.58
200,2015-01-28,1050938,N,ES,V,30,2012-08-10,0,35,1,,1,I,S,N,,KHE,N,1,46,VALENCIA,0,57371.76
201,2015-01-28,1050939,N,ES,H,29,2012-08-10,0,35,1,,1,I,S,N,,KHE,N,1,46,VALENCIA,0,
202,2015-01-28,1050940,N,ES,H,67,2012-08-10,0,35,1,,1,I,S,N,,KHE,N,1,46,VALENCIA,0,50423.58
203,2015-01-28,1050941,N,ES,H,55,2012-08-10,0,34,1,,1,I,S,N,,KHE,N,1,46,VALENCIA,0,57926.16
204,2015-01-28,1050943,N,ES,H,32,2012-08-10,0,35,1,,1,I,S,N,,KHE,N,1,46,VALENCIA,0,50423.58
205,2015-01-28,1050944,N,ES,V,26,2012-08-10,0,35,1,,1,I,S,N,,KHE,N,1,15,"CORU�A, A",0,
206,2015-01-28,1050926,N,ES,H,23,2012-08-10,0,35,1,,1,A,S,N,,KHE,N,1,9,BURGOS,1,91258.47
207,2015-01-28,1050902,N,ES,H,23,2012-08-10,0,35,1,,1,A,S,N,,KHE,N,1,10,CACERES,1,38074.32
208,2015-01-28,1050925,N,ES,H,24,2012-08-10,0,35,1,,1,I,S,S,,KHE,N,1,28,MADRID,0,
209,2015-01-28,1050922,N,ES,H,22,2012-08-10,0,35,1,,1,I,S,N,,KHE,N,1,28,MADRID,1,
210,2015-01-28,1050906,N,ES,V,25,2012-08-10,0,35,1,,1,A,S,N,,KHE,N,1,37,SALAMANCA,1,129751.02
211,2015-01-28,1050907,N,ES,H,27,2012-08-10,0,35,1,,1,I,S,N,,KHE,N,1,46,VALENCIA,0,85067.16
212,2015-01-28,1050908,N,ES,H,24,2012-08-10,0,35,1,,1,A,S,N,,KHE,N,1,37,SALAMANCA,1,85670.88
213,2015-01-28,1050909,N,ES,V,26,2012-08-10,0,35,1,,1,A,S,N,,KHE,N,1,46,VALENCIA,1,57926.16
214,2015-01-28,1050910,N,ES,V,32,2012-08-10,0,35,1,,1,I,S,N,,KHE,N,1,30,MURCIA,0,30906.81
215,2015-01-28,1050911,N,ES,H,29,2012-08-10,0,35,1,,1,A,S,N,,KHE,N,1,46,VALENCIA,1,50229.09
216,2015-01-28,1050912,N,ES,V,33,2012-08-10,0,35,1,,1,A,S,N,,KHE,N,1,39,CANTABRIA,1,
217,2015-01-28,1050913,N,ES,H,26,2012-08-10,0,35,1,,1,I,S,N,,KHE,N,1,46,VALENCIA,0,
218,2015-01-28,1050914,N,ES,H,25,2012-08-10,0,35,1,,1,A,S,N,,KHE,N,1,37,SALAMANCA,1,34358.88
219,2015-01-28,1050915,N,ES,H,37,2012-08-10,0,35,1,,1,I,S,N,,KHE,N,1,46,VALENCIA,0,122336.88
220,2015-01-28,1050916,N,ES,H,30,2012-08-10,0,35,1,,1,I,S,N,,KHE,N,1,46,VALENCIA,0,182521.62
221,2015-01-28,1050917,N,ES,H,23,2012-08-10,0,35,1,,1,I,S,N,,KHE,N,1,10,CACERES,0,49074.51
222,2015-01-28,1050919,N,ES,H,24,2012-08-10,0,35,1,,1,I,S,N,,KHE,N,1,37,SALAMANCA,0,150781.41
223,2015-01-28,1050920,N,ES,H,25,2012-08-10,0,35,1,,1,A,S,N,,KHE,N,1,46,VALENCIA,1,
224,2015-01-28,1050921,N,ES,H,23,2012-08-10,0,35,1,,1,I,S,N,,KHE,N,1,5,AVILA,1,72013.38
225,2015-01-28,1050924,N,ES,V,26,2012-08-10,0,35,1,,1,A,S,N,,KHE,N,1,49,ZAMORA,1,67354.74
226,2015-01-28,1050837,N,ES,H,22,2012-08-10,0,35,1,,1,I,S,N,,KHE,N,1,8,BARCELONA,0,166221.81
227,2015-01-28,1050836,N,ES,V,23,2012-08-10,0,35,1,,1,A,S,N,,KHE,N,1,15,"CORU�A, A",1,
228,2015-01-28,1050834,N,ES,V,23,2012-08-10,0,35,1,,1,I,S,N,,KHE,N,1,15,"CORU�A, A",0,96211.98
229,2015-01-28,1050748,N,ES,V,47,2012-08-10,0,35,1,,1,I,S,N,,KHE,N,1,11,CADIZ,0,59406.69
230,2015-01-28,1050749,N,ES,H,22,2012-08-10,0,35,1,,1,A,S,N,,KHE,N,1,8,BARCELONA,1,118859.34
231,2015-01-28,1050750,N,ES,H,23,2012-08-10,0,35,1,,1,A,S,N,,KHE,N,1,13,CIUDAD REAL,1,13093.26
232,2015-01-28,1050751,N,ES,H,23,2012-08-10,0,35,1,,1,I,S,N,,KHE,N,1,45,TOLEDO,0,61214.85
233,2015-01-28,1050752,N,ES,V,22,2012-08-10,0,35,1,,1,A,S,N,,KHE,N,1,8,BARCELONA,1,114761.19
234,2015-01-28,1050753,N,ES,V,29,2012-08-10,0,35,1,,1,I,S,N,,KHE,N,1,41,SEVILLA,0,149086.02
235,2015-01-28,1050754,N,ES,H,23,2012-08-10,0,35,1,,1,I,S,N,,KHE,N,1,45,TOLEDO,0,
236,2015-01-28,1050755,N,ES,V,22,2012-08-10,0,35,1,,1,I,S,N,,KHE,N,1,8,BARCELONA,0,105335.94
237,2015-01-28,1050756,N,ES,H,23,2012-08-10,0,35,1,,1,I,S,N,,KHE,N,1,5,AVILA,0,67719.18
238,2015-01-28,1050757,N,ES,V,22,2012-08-10,0,35,1,,1,A,S,N,,KHE,N,1,8,BARCELONA,1,148870.98
239,2015-01-28,1050758,N,ES,V,24,2012-08-10,0,35,1,,1,I,S,N,,KHE,N,1,29,MALAGA,0,247846.8
240,2015-01-28,1050759,N,ES,H,25,2012-08-10,0,35,1,,1,I,S,N,,KHE,N,1,45,TOLEDO,0,35610.15
241,2015-01-28,1050760,N,ES,V,23,2012-08-10,0,35,1,,1,I,S,N,,KHE,N,1,37,SALAMANCA,0,43060.35
242,2015-01-28,1050762,N,ES,H,23,2012-08-10,0,35,1,,1,A,S,N,,KHE,N,1,37,SALAMANCA,1,44938.2
243,2015-01-28,1050764,N,ES,H,36,2012-08-10,0,35,1,,1,I,S,N,,KHE,N,1,45,TOLEDO,0,31216.23
244,2015-01-28,1050747,N,ES,H,23,2012-08-10,0,35,1,,1,I,S,N,,KHE,N,1,37,SALAMANCA,1,
245,2015-01-28,1050766,N,ES,V,26,2012-08-10,0,35,1,,1,A,S,N,,KHE,N,1,49,ZAMORA,1,
246,2015-01-28,1050746,N,ES,H,24,2012-08-10,0,35,1,,1,I,S,N,,KHE,N,1,45,TOLEDO,0,64377.69
247,2015-01-28,1050743,N,ES,H,23,2012-08-10,0,35,1,,1,I,S,N,,KHE,N,1,45,TOLEDO,0,59912.88
248,2015-01-28,1050718,N,ES,H,23,2012-08-10,0,35,1,,1,I,S,N,,KHE,N,1,5,AVILA,0,111895.86
249,2015-01-28,1050720,N,ES,H,23,2012-08-10,0,35,1,,1,A,S,N,,KHE,N,1,8,BARCELONA,1,311520.45
250,2015-01-28,1050722,N,ES,H,23,2012-08-10,0,35,1,,1,I,S,N,,KHE,N,1,37,SALAMANCA,0,81689.91
251,2015-01-28,1050725,N,ES,H,23,2012-08-10,0,35,1,,1,A,S,N,,KHE,N,1,37,SALAMANCA,1,140953.86
252,2015-01-28,1050727,N,ES,H,23,2012-08-10,0,35,1,,1,I,S,N,,KHE,N,1,37,SALAMANCA,1,25694.58
253,2015-01-28,1050728,N,ES,H,23,2012-08-10,0,35,1,,1,I,S,N,,KHE,N,1,20,GIPUZKOA,1,
254,2015-01-28,1050732,N,ES,H,23,2012-08-10,0,35,1,,1,I,S,N,,KHE,N,1,37,SALAMANCA,0,94136.49
255,2015-01-28,1050734,N,ES,V,26,2012-08-10,0,35,1,,1,I,S,N,,KHE,N,1,50,ZARAGOZA,1,39389.4
256,2015-01-28,1050735,N,ES,H,22,2012-08-10,0,35,1,,1,I,S,N,,KHE,N,1,49,ZAMORA,0,90461.7
257,2015-01-28,1050736,N,ES,H,27,2012-08-10,0,35,1,,1,I,S,N,,KHE,N,1,37,SALAMANCA,0,
258,2015-01-28,1050738,N,ES,H,23,2012-08-10,0,35,1,,1,I,S,N,,KHE,N,1,10,CACERES,1,50457.06
259,2015-01-28,1050739,N,ES,H,22,2012-08-10,0,35,1,,1,I,S,N,,KHE,N,1,41,SEVILLA,0,
260,2015-01-28,1050740,N,ES,V,23,2012-08-10,0,35,1,,1,I,S,N,,KHE,N,1,37,SALAMANCA,0,175780.83
261,2015-01-28,1050741,,,, NA,,,     NA,,,,,,,,,,,,,,
262,2015-01-28,1050742,N,ES,V,25,2012-08-10,0,35,1,,1,I,S,N,,KHE,N,1,11,CADIZ,0,57684.12
263,2015-01-28,1050744,N,ES,H,23,2012-08-10,0,35,1,,1,A,S,N,,KHE,N,1,37,SALAMANCA,1,85568.97
264,2015-01-28,1050768,N,ES,H,23,2012-08-10,0,35,1,,1,I,S,N,,KHE,N,1,45,TOLEDO,0,43242.21
265,2015-01-28,1050769,N,ES,H,23,2012-08-10,0,35,1,,1,A,S,N,,KHE,N,1,37,SALAMANCA,1,85073.61
266,2015-01-28,1050771,N,ES,V,23,2012-08-10,0,35,1,,1,A,S,N,,KHE,N,1,45,TOLEDO,1,64886.31
267,2015-01-28,1050806,N,ES,H,27,2012-08-10,0,35,1,,1,I,S,N,,KHE,N,1,37,SALAMANCA,0,140940.27
268,2015-01-28,1050810,N,ES,V,23,2012-08-10,0,35,1,,1,A,S,N,,KHE,N,1,5,AVILA,1,128396.19
269,2015-01-28,1050811,N,ES,H,26,2012-08-10,0,35,1,,1,A,S,N,,KHE,N,1,37,SALAMANCA,1,98243.4
270,2015-01-28,1050813,N,ES,H,23,2012-08-10,0,35,1,,1,A,S,N,,KHE,N,1,37,SALAMANCA,1,100792.08
271,2015-01-28,1050815,N,ES,V,23,2012-08-10,0,35,1,,1,A,S,N,,KHE,N,1,6,BADAJOZ,1,40882.29
272,2015-01-28,1050817,N,ES,V,26,2012-08-10,0,35,1,,1,I,S,N,,KHE,N,1,49,ZAMORA,0,
273,2015-01-28,1050819,N,ES,H,24,2012-08-10,0,35,1,,1,A,S,N,,KHE,N,1,37,SALAMANCA,1,105114.81
274,2015-01-28,1050820,N,ES,V,23,2012-08-10,0,35,1,,1,I,S,N,,KHE,N,1,37,SALAMANCA,0,95234.76
275,2015-01-28,1050822,N,ES,V,23,2012-08-10,0,35,1,,1,I,S,N,,KHE,N,1,37,SALAMANCA,1,90872.37
276,2015-01-28,1050824,N,ES,H,24,2012-08-10,0,35,1,,1,I,S,N,,KHE,N,1,37,SALAMANCA,0,
277,2015-01-28,1050825,N,ES,V,23,2012-08-10,0,35,1,,1,I,S,N,,KHE,N,1,10,CACERES,0,70435.44
278,2015-01-28,1050829,N,ES,V,24,2012-08-10,0,35,1,,1,I,S,N,,KHE,N,1,49,ZAMORA,0,42778.98
279,2015-01-28,1050830,N,ES,V,22,2012-08-10,0,35,1,,1,A,S,N,,KHE,N,1,15,"CORU�A, A",1,46364.61
280,2015-01-28,1050832,N,ES,V,23,2012-08-10,0,35,1,,1,I,S,N,,KHE,N,1,37,SALAMANCA,1,97533.84
281,2015-01-28,1050833,N,ES,V,23,2012-08-10,0,35,1,,1,A,S,N,,KHE,N,1,37,SALAMANCA,1,88349.85
282,2015-01-28,1050804,N,ES,V,26,2012-08-10,0,35,1,,1,A,S,N,,KHE,N,1,37,SALAMANCA,1,73938.9
283,2015-01-28,1050803,N,ES,H,28,2012-08-10,0,35,1,,1,I,S,N,,KHE,N,1,3,ALICANTE,0,37729.83
284,2015-01-28,1050800,N,ES,H,23,2012-08-10,0,35,1,,1,A,S,N,,KHE,N,1,9,BURGOS,1,110521.98
285,2015-01-28,1050798,N,ES,H,34,2012-08-10,0,35,1,,1,I,S,N,,KHE,N,1,49,ZAMORA,1,80555.64
286,2015-01-28,1050773,N,ES,V,22,2012-08-10,0,35,1,,1,A,S,N,,KHE,N,1,3,ALICANTE,1,281761.02
287,2015-01-28,1050774,N,ES,H,23,2012-08-10,0,35,1,,1,I,S,N,,KHE,N,1,10,CACERES,0,
288,2015-01-28,1050775,N,ES,H,23,2012-08-10,0,35,1,,1,A,S,N,,KHE,N,1,37,SALAMANCA,1,42273.99
289,2015-01-28,1050778,N,ES,V,26,2012-08-10,0,35,1,,1,A,S,N,,KHE,N,1,45,TOLEDO,1,126947.19
290,2015-01-28,1050779,N,ES,H,23,2012-08-10,0,35,1,,1,A,S,N,,KHE,N,1,6,BADAJOZ,1,45086.37
291,2015-01-28,1050781,N,ES,H,23,2012-08-10,0,35,1,,1,I,S,N,,KHE,N,1,16,CUENCA,0,69094.08
292,2015-01-28,1050784,N,ES,V,23,2012-08-10,0,35,1,,1,I,S,N,,KHE,N,1,4,ALMERIA,0,43947.27
293,2015-01-28,1050486,N,ES,V,29,2012-08-10,0,35,1,,1,I,S,N,,KHE,N,1,28,MADRID,0,39097.98
294,2015-01-28,1050786,N,ES,H,29,2012-08-10,0,35,1,,1,I,S,N,,KHE,N,1,10,CACERES,0,116311.89
295,2015-01-28,1050788,N,ES,H,27,2012-08-10,0,35,1,,1,I,S,N,,KHE,N,1,45,TOLEDO,0,102857.34
296,2015-01-28,1050790,N,ES,V,23,2012-08-10,0,35,1,,1,I,S,N,,KHE,N,1,10,CACERES,0,57965.34
297,2015-01-28,1050791,N,ES,V,23,2012-08-10,0,35,1,,1,A,S,N,,KHE,N,1,37,SALAMANCA,1,107045.79
298,2015-01-28,1050793,N,ES,H,23,2012-08-10,0,35,1,,1,A,S,N,,KHE,N,1,10,CACERES,1,56271.09
299,2015-01-28,1050794,N,ES,V,26,2012-08-10,0,35,1,,1,I,S,N,,KHE,N,1,37,SALAMANCA,0,23824.32
300,2015-01-28,1050796,N,ES,H,23,2012-08-10,0,35,1,,1,A,S,N,,KHE,N,1,10,CACERES,1,56709.78
301,2015-01-28,1050797,N,ES,V,22,2012-08-10,0,35,1,,1,A,S,N,,KHE,N,1,50,ZARAGOZA,0,110465.58
302,2015-01-28,1050787,N,ES,V,27,2012-08-10,0,35,1,,1,I,S,N,,KHE,N,1,49,ZAMORA,0,
303,2015-01-28,1050946,N,ES,H,31,2012-08-10,0,35,1,,1,A,S,N,,KHE,N,1,46,VALENCIA,1,40881.75
304,2015-01-28,1050485,N,ES,H,28,2012-08-10,0,35,1,,1,I,S,N,,KHE,N,1,45,TOLEDO,0,40852.53
305,2015-01-28,1050481,N,ES,H,26,2012-08-10,0,35,1,,1,I,S,N,,KHE,N,1,6,BADAJOZ,0,58142.7
306,2015-01-28,1050227,N,ES,H,25,2012-08-10,0,35,1,,1,I,S,N,,KHE,N,1,45,TOLEDO,0,77098.77
307,2015-01-28,1050228,N,ES,H,50,2012-08-10,0,35,1,,1,I,S,N,,KHE,N,1,8,BARCELONA,0,
308,2015-01-28,1050229,N,ES,H,24,2012-08-10,0,35,1,,1,I,S,N,,KHE,N,1,2,ALBACETE,0,123240.45
309,2015-01-28,1050230,N,ES,V,26,2012-08-10,0,35,1,,1,A,S,N,,KHE,N,1,45,TOLEDO,0,62151.18
310,2015-01-28,1050231,N,ES,V,26,2012-08-10,0,35,1,,1,I,S,N,,KHE,N,1,45,TOLEDO,0,88658.25
311,2015-01-28,1050233,N,ES,V,23,2012-08-10,0,35,1,,1,I,S,N,,KHE,N,1,45,TOLEDO,0,66288.09
312,2015-01-28,1050234,N,ES,V,27,2012-08-10,0,35,1,,1,I,S,N,,KHE,N,1,8,BARCELONA,0,694172.85
313,2015-01-28,1050235,N,ES,H,24,2012-08-10,0,35,1,,1,I,S,N,,KHE,N,1,45,TOLEDO,0,
314,2015-01-28,1050238,N,ES,H,23,2012-08-10,0,35,1,,1,I,S,N,,KHE,N,1,45,TOLEDO,0,162359.91
315,2015-01-28,1050239,N,ES,H,23,2012-08-10,0,35,1,,1,A,S,N,,KHE,N,1,15,"CORU�A, A",1,90636.39
316,2015-01-28,1050240,N,ES,H,22,2012-08-10,0,35,1,,1,I,S,N,,KHD,N,1,36,PONTEVEDRA,0,
317,2015-01-28,1050242,N,ES,H,23,2012-08-10,0,35,1,,1,I,S,N,,KHE,N,1,28,MADRID,1,192255.09
318,2015-01-28,1050243,N,ES,V,32,2012-08-10,0,35,1,,1,I,S,N,,KHE,N,1,45,TOLEDO,0,37008.6
319,2015-01-28,1050244,N,ES,V,24,2012-08-10,0,35,1,,1,I,S,N,,KHE,N,1,45,TOLEDO,0,82451.25
320,2015-01-28,1050245,N,ES,V,24,2012-08-10,0,35,1,,1,A,S,N,,KHE,N,1,8,BARCELONA,1,79683.84
321,2015-01-28,1050226,N,ES,H,27,2012-08-10,0,35,1,,1,I,S,N,,KHE,N,1,15,"CORU�A, A",0,69293.43
322,2015-01-28,1050246,N,ES,H,30,2012-08-10,0,35,1,,1,I,S,N,,KHE,N,1,28,MADRID,0,88394.76
323,2015-01-28,1050225,N,ES,H,23,2012-08-10,0,35,1,,1,A,S,N,,KHE,N,1,8,BARCELONA,1,140829
324,2015-01-28,1050223,N,ES,V,23,2012-08-10,0,35,1,,1,I,S,N,,KHE,N,1,45,TOLEDO,0,106756.17
325,2015-01-28,1050204,N,ES,H,48,2012-08-10,0,35,1,,1,I,S,N,,KHE,N,1,19,GUADALAJARA,1,66698.61
326,2015-01-28,1050207,N,ES,H,23,2012-08-10,0,35,1,,1,I,S,N,,KHE,N,1,45,TOLEDO,0,
327,2015-01-28,1050208,N,ES,H,42,2012-08-10,0,35,1,,1,I,S,N,,KHE,N,1,45,TOLEDO,0,30535.47
328,2015-01-28,1050209,N,ES,H,23,2012-08-10,0,35,1,,1,I,S,N,,KHE,N,1,28,MADRID,0,120620.16
329,2015-01-28,1050210,N,ES,H,23,2012-08-10,0,35,1,,1,A,S,N,,KHE,N,1,45,TOLEDO,1,65459.37
330,2015-01-28,1050211,N,ES,H,23,2012-08-10,0,35,1,,1,A,S,N,,KHD,N,1,40,SEGOVIA,1,54524.1
331,2015-01-28,1050213,N,ES,V,27,2012-08-10,0,35,1,,1,I,S,N,,KHE,N,1,2,ALBACETE,0,136923.54
332,2015-01-28,1050214,N,ES,H,26,2012-08-10,0,35,1,,1,I,S,S,,KHE,N,1,28,MADRID,1,81058.77
333,2015-01-28,1050215,N,ES,H,55,2012-08-10,0,35,1,,1,I,S,N,,KHE,N,1,8,BARCELONA,0,288457.44
334,2015-01-28,1050216,N,ES,H,25,2012-08-10,0,35,1,,1,I,S,N,,KHE,N,1,2,ALBACETE,0,45566.46
335,2015-01-28,1050217,N,ES,V,23,2012-08-10,0,35,1,,1,A,S,N,,KHE,N,1,15,"CORU�A, A",1,
336,2015-01-28,1050218,N,ES,V,24,2012-08-10,0,35,1,,1,I,S,N,,KHE,N,1,45,TOLEDO,0,38771.16
337,2015-01-28,1050219,N,ES,V,26,2012-08-10,0,35,1,,1,I,S,N,,KHE,N,1,45,TOLEDO,0,
338,2015-01-28,1050220,N,ES,H,22,2012-08-10,0,35,1,,1,A,S,N,,KHD,N,1,36,PONTEVEDRA,1,86517.24
339,2015-01-28,1050222,N,ES,H,23,2012-08-10,0,35,1,,1,I,S,N,,KHE,N,1,28,MADRID,0,100747.47
340,2015-01-28,1050224,N,ES,H,25,2012-08-10,0,35,1,,1,A,S,N,,KHE,N,1,28,MADRID,1,201083.85
341,2015-01-28,1050202,N,ES,V,23,2012-08-10,0,35,1,,1,I,S,N,,KHE,N,1,15,"CORU�A, A",0,77287.29
342,2015-01-28,1050247,N,ES,H,22,2012-08-10,0,35,1,,1,A,S,N,,KHD,N,1,15,"CORU�A, A",1,93639
343,2015-01-28,1050251,N,ES,H,27,2012-08-10,0,35,1,,1,I,S,N,,KHE,N,1,16,CUENCA,0,55568.1
344,2015-01-28,1050275,N,ES,V,22,2012-08-10,0,35,1,,1,A,S,N,,KHD,N,1,15,"CORU�A, A",1,189723.06
345,2015-01-28,1050277,N,ES,V,42,2012-08-10,0,35,1,,1,I,S,N,,KHE,N,1,32,OURENSE,0,
346,2015-01-28,1050278,N,ES,H,24,2012-08-10,0,35,1,,1,I,S,N,,KHE,N,1,28,MADRID,1,116529.06
347,2015-01-28,1050279,N,ES,H,24,2012-08-10,0,35,1,,1,I,S,N,,KHE,N,1,45,TOLEDO,0,54032.31
348,2015-01-28,1050280,N,ES,H,26,2012-08-10,0,35,1,,1,I,S,N,,KHE,N,1,2,ALBACETE,0,49459.68
349,2015-01-28,1050284,N,ES,V,24,2012-08-10,0,35,1,,1,I,S,N,,KHE,N,1,45,TOLEDO,0,
350,2015-01-28,1050285,N,ES,V,23,2012-08-10,0,35,1,,1,I,S,N,,KHE,N,1,28,MADRID,0,355856.76
351,2015-01-28,1050287,N,ES,H,25,2012-08-10,0,35,1,,1,I,S,N,,KHE,N,1,45,TOLEDO,0,80976.93
352,2015-01-28,1050288,N,ES,H,37,2012-08-10,0,35,1,,1,I,S,S,,KHE,N,1,8,BARCELONA,0,
353,2015-01-28,1050289,N,ES,V,33,2012-08-10,0,35,1,,1,A,S,N,,KHE,N,1,6,BADAJOZ,1,67589.28
354,2015-01-28,1050290,N,ES,V,23,2012-08-10,0,35,1,,1,I,S,N,,KHE,N,1,28,MADRID,0,237593.22
355,2015-01-28,1050291,N,ES,V,23,2012-08-10,0,35,1,,1,I,S,N,,KHE,N,1,45,TOLEDO,0,155915.64
356,2015-01-28,1050292,N,ES,H,25,2012-08-10,0,35,1,,1,A,S,N,,KHE,N,1,27,LUGO,1,
357,2015-01-28,1050293,N,ES,H,25,2012-08-10,0,35,1,,1,A,S,N,,KHE,N,1,45,TOLEDO,1,34983.06
358,2015-01-28,1050294,N,ES,H,22,2012-08-10,0,35,1,,1,I,S,N,,KHE,N,1,13,CIUDAD REAL,0,21499.95
359,2015-01-28,1050274,N,ES,H,23,2012-08-10,0,35,1,,1,A,S,N,,KHE,N,1,27,LUGO,1,52766.04
360,2015-01-28,1050249,N,ES,V,23,2012-08-10,0,35,1,,1,I,S,N,,KHE,N,1,45,TOLEDO,0,94329.15
361,2015-01-28,1050273,N,ES,V,27,2012-08-10,0,35,1,,1,I,S,N,,KHE,N,1,8,BARCELONA,0,247945.47
362,2015-01-28,1050271,N,ES,V,23,2012-08-10,0,35,1,,1,I,S,N,,KHE,N,1,28,MADRID,0,38039.46
363,2015-01-28,1050252,N,ES,V,23,2012-08-10,0,35,1,,1,I,S,N,,KHE,N,1,28,MADRID,0,45588.75
364,2015-01-28,1050253,N,ES,V,27,2012-08-10,0,35,1,,1,I,S,N,,KHE,N,1,8,BARCELONA,0,440329.68
365,2015-01-28,1050254,N,ES,V,22,2012-08-10,0,35,1,,1,A,S,N,,KHD,N,1,2,ALBACETE,1,93290.43
366,2015-01-28,1050257,N,ES,V,23,2012-08-10,0,35,1,,1,I,S,N,,KHE,N,1,45,TOLEDO,0,73773.96
367,2015-01-28,1050258,N,ES,V,23,2012-08-10,0,35,1,,1,A,S,N,,KHE,N,1,45,TOLEDO,1,
368,2015-01-28,1050259,N,ES,V,23,2012-08-10,0,35,1,,1,A,S,N,,KHE,N,1,5,AVILA,1,55723.62
369,2015-01-28,1050261,N,ES,H,23,2012-08-10,0,35,1,,1,I,S,N,,KHE,N,1,45,TOLEDO,0,32943.39
370,2015-01-28,1050262,N,ES,H,25,2012-08-10,0,35,1,,1,I,S,N,,KHE,N,1,40,SEGOVIA,0,63083.28
371,2015-01-28,1050263,N,ES,V,25,2012-08-10,0,35,1,,1,A,S,N,,KHE,N,1,27,LUGO,1,
372,2015-01-28,1050264,N,ES,H,22,2012-08-10,0,35,1,,1,I,S,N,,KHD,N,1,6,BADAJOZ,0,64477.53
373,2015-01-28,1050266,N,ES,H,37,2012-08-10,0,35,1,,1,A,S,N,,KHE,N,1,45,TOLEDO,1,128014.47
374,2015-01-28,1050267,N,ES,V,26,2012-08-10,0,35,1,,1,I,S,N,,KHE,N,1,8,BARCELONA,0,129902.61
375,2015-01-28,1050268,N,ES,V,24,2012-08-10,0,35,1,,1,I,S,N,,KHE,N,1,28,MADRID,0,258143.28
376,2015-01-28,1050269,N,ES,H,24,2012-08-10,0,35,1,,1,I,S,N,,KHE,N,1,13,CIUDAD REAL,0,21409.59
377,2015-01-28,1050270,N,ES,H,24,2012-08-10,0,35,1,,1,A,S,N,,KHE,N,1,16,CUENCA,1,
378,2015-01-28,1050272,N,ES,H,46,2012-08-10,0,35,1,,1,I,S,S,,KHE,N,1,45,TOLEDO,0,101748.15
379,2015-01-28,1050295,N,ES,V,23,2012-08-10,0,35,1,,1,I,S,N,,KHE,N,1,44,TERUEL,0,
380,2015-01-28,1050201,N,ES,V,30,2012-08-10,0,35,1,,1,I,S,N,,KHE,N,1,8,BARCELONA,0,63046.59
381,2015-01-28,1050199,N,ES,V,27,2012-08-10,0,35,1,,1,I,S,N,,KHE,N,1,2,ALBACETE,0,159586.44
382,2015-01-28,1050125,N,ES,V,23,2012-08-10,0,35,1,,1,A,S,N,,KHE,N,1,34,PALENCIA,1,174366.99
383,2015-01-28,1050130,N,ES,H,24,2012-08-10,0,35,1,,1,I,S,N,,KHE,N,1,3,ALICANTE,0,46456.05
384,2015-01-28,1050132,N,ES,V,22,2012-08-10,0,35,1,,1,I,S,N,,KHD,N,1,17,GIRONA,0,133921.77
385,2015-01-28,1050134,N,ES,V,36,2012-08-10,0,35,1,,1,I,S,N,,KHE,N,1,16,CUENCA,0,109175.34
386,2015-01-28,1050135,N,ES,H,22,2012-08-10,0,35,1,,1,I,S,N,,KHD,N,1,13,CIUDAD REAL,0,25934.55
387,2015-01-28,1050137,N,ES,V,23,2012-08-10,0,35,1,,1,I,S,N,,KHE,N,1,8,BARCELONA,1,
388,2015-01-28,1050138,N,ES,V,24,2012-08-10,0,35,1,,1,I,S,N,,KHE,N,1,34,PALENCIA,0,96487.77
389,2015-01-28,1050141,N,ES,V,22,2012-08-10,0,35,1,,1,I,S,N,,KHD,N,1,15,"CORU�A, A",0,52520.82
390,2015-01-28,1050143,N,ES,H,24,2012-08-10,0,35,1,,1,I,S,N,,KHE,N,1,45,TOLEDO,0,69380.94
391,2015-01-28,1050144,N,ES,H,22,2012-08-10,0,35,1,,1,A,S,N,,KHD,N,1,8,BARCELONA,1,95743.98
392,2015-01-28,1050146,N,ES,H,35,2012-08-10,0,35,1,,1,A,S,N,,KFA,N,1,28,MADRID,1,371313.09
393,2015-01-28,1050148,N,ES,H,23,2012-08-10,0,35,1,,1,I,S,N,,KHE,N,1,45,TOLEDO,0,28305.36
394,2015-01-28,1050149,N,ES,H,28,2012-08-10,0,35,1,,1,I,S,N,,KHE,N,1,10,CACERES,0,77517
395,2015-01-28,1050150,N,ES,H,30,2012-08-10,0,35,1,,1,I,S,N,,KHE,N,1,3,ALICANTE,0,50910.63
396,2015-01-28,1050153,N,ES,V,23,2012-08-10,0,35,1,,1,I,S,N,,KHE,N,1,45,TOLEDO,0,73161.75
397,2015-01-28,1050124,N,ES,H,27,2012-08-10,0,35,1,,1,I,S,N,,KHE,N,1,16,CUENCA,0,65431.5
398,2015-01-28,1050154,N,ES,V,27,2012-08-10,0,35,1,,1,A,S,S,,KHE,N,1,45,TOLEDO,1,
399,2015-01-28,1050120,N,ES,H,24,2012-08-10,0,35,1,,1,I,S,N,,KHE,N,1,16,CUENCA,0,33658.59
400,2015-01-28,1050116,N,ES,H,23,2012-08-10,0,35,1,,1,A,S,N,,KHE,N,1,8,BARCELONA,1,517491.03
401,2015-01-28,1050088,N,ES,H,22,2012-08-10,0,35,1,,1,A,S,N,,KHD,N,1,45,TOLEDO,1,68995.68
402,2015-01-28,1050091,N,ES,H,54,2012-08-10,0,35,1,,1,A,S,N,,KFA,N,1,28,MADRID,1,132684.06
403,2015-01-28,1050094,N,ES,V,27,2012-08-10,0,35,1,,1,A,S,N,,KHE,N,1,16,CUENCA,1,33263.19
404,2015-01-28,1050095,N,ES,H,23,2012-08-10,0,35,1,,1,A,S,N,,KHE,N,1,34,PALENCIA,1,119315.37
405,2015-01-28,1050096,N,ES,V,22,2012-08-10,0,35,1,,1,A,S,N,,KHD,N,1,36,PONTEVEDRA,1,107088.06
406,2015-01-28,1050098,N,ES,V,22,2012-08-10,0,35,1,,1,I,S,N,,KHD,N,1,9,BURGOS,0,131094.03
407,2015-01-28,1050102,N,ES,V,45,2012-08-10,0,35,1,,1,A,S,N,,KHE,N,1,16,CUENCA,1,62171.13
408,2015-01-28,1050103,N,ES,V,44,2012-08-10,0,35,1,,1,A,S,N,,KHE,N,1,34,PALENCIA,1,56967.6
409,2015-01-28,1050104,N,ES,H,23,2012-08-10,0,35,1,,1,I,S,N,,KHE,N,1,8,BARCELONA,0,110330.52
410,2015-01-28,1050107,N,ES,H,22,2012-08-10,0,35,1,,1,I,S,N,,KHD,N,1,17,GIRONA,0,
411,2015-01-28,1050109,N,ES,H,23,2012-08-10,0,35,1,,1,A,S,N,,KHE,N,1,9,BURGOS,1,135536.28
412,2015-01-28,1050110,N,ES,H,27,2012-08-10,0,35,1,,1,A,S,N,,KHE,N,1,16,CUENCA,1,82232.91
413,2015-01-28,1050111,N,ES,H,22,2012-08-10,0,35,1,,1,I,S,N,,KHD,N,1,27,LUGO,0,90688.05
414,2015-01-28,1050113,N,ES,H,25,2012-08-10,0,35,1,,1,I,S,N,,KHE,N,1,47,VALLADOLID,0,216039.66
415,2015-01-28,1050114,N,ES,V,22,2012-08-10,0,35,1,,1,I,S,N,,KHD,N,1,39,CANTABRIA,1,69131.19
416,2015-01-28,1050117,N,ES,V,24,2012-08-10,0,35,1,,1,A,S,N,,KHE,N,1,26,"RIOJA, LA",1,
417,2015-01-28,1050200,N,ES,V,25,2012-08-10,0,35,1,,1,I,S,N,,KHE,N,1,45,TOLEDO,0,60447.48
418,2015-01-28,1050155,N,ES,V,27,2012-08-10,0,35,1,,1,A,S,N,,KHE,N,1,45,TOLEDO,1,54971.22
419,2015-01-28,1050157,N,ES,V,30,2012-08-10,0,35,1,,1,I,S,N,,KHE,N,1,9,BURGOS,0,68869.17
420,2015-01-28,1050182,N,ES,H,23,2012-08-10,0,35,1,,1,I,S,N,,KHE,N,1,8,BARCELONA,0,125221.17
421,2015-01-28,1050183,N,ES,H,23,2012-08-10,0,35,1,,1,I,S,N,,KHE,N,1,45,TOLEDO,0,58957.14
422,2015-01-28,1050184,N,ES,H,23,2012-08-10,0,35,1,,1,A,S,N,,KHE,N,1,15,"CORU�A, A",1,194750.25
423,2015-01-28,1050185,N,ES,H,30,2012-08-10,0,35,1,,1,I,S,N,,KHE,N,1,13,CIUDAD REAL,0,67433.91
424,2015-01-28,1050186,N,ES,H,23,2012-08-10,0,35,1,,1,I,S,N,,KHE,N,1,45,TOLEDO,0,139241.94
425,2015-01-28,1050188,N,ES,H,30,2012-08-10,0,35,1,,1,I,S,N,,KHE,N,1,8,BARCELONA,1,186640.32
426,2015-01-28,1050189,N,ES,V,30,2012-08-10,0,35,1,,1,I,S,N,,KHE,N,1,45,TOLEDO,0,60542.25
427,2015-01-28,1050190,N,ES,H,24,2012-08-10,0,35,1,,1,I,S,N,,KHE,N,1,28,MADRID,0,128193.96
428,2015-01-28,1050191,N,ES,H,23,2012-08-10,0,35,1,,1,I,S,N,,KHE,N,1,45,TOLEDO,0,52931.67
429,2015-01-28,1050192,N,ES,V,23,2012-08-10,0,35,1,,1,I,S,N,,KHE,N,1,28,MADRID,1,206924.25
430,2015-01-28,1050193,N,ES,V,30,2012-08-10,0,35,1,,1,I,S,N,,KHE,N,1,45,TOLEDO,0,
431,2015-01-28,1050194,N,ES,H,23,2012-08-10,0,35,1,,1,A,S,N,,KHE,N,1,2,ALBACETE,1,52777.5
432,2015-01-28,1050195,N,ES,H,24,2012-08-10,0,35,1,,1,A,S,N,,KHE,N,1,13,CIUDAD REAL,1,69411.9
433,2015-01-28,1050197,N,ES,H,27,2012-08-10,0,35,1,,1,A,S,N,,KHE,N,1,13,CIUDAD REAL,1,44890.68
434,2015-01-28,1050198,N,ES,H,23,2012-08-10,0,35,1,,1,A,S,N,,KHE,N,1,8,BARCELONA,1,100985.82
435,2015-01-28,1050179,N,ES,H,24,2012-08-10,0,35,1,,1,A,S,N,,KHE,N,1,45,TOLEDO,1,103928.16
436,2015-01-28,1050156,N,ES,H,24,2012-08-10,0,35,1,,1,I,S,N,,KHE,N,1,45,TOLEDO,0,58873.95
437,2015-01-28,1050176,N,ES,H,27,2012-08-10,0,35,1,,1,I,S,N,,KHE,N,1,45,TOLEDO,0,107634.66
438,2015-01-28,1050174,N,ES,V,27,2012-08-10,0,35,1,,1,I,S,N,,KHE,N,1,46,VALENCIA,0,66474.3
439,2015-01-28,1050158,N,ES,H,32,2012-08-10,0,35,1,,1,I,S,N,,KHE,N,1,46,VALENCIA,0,212434.44
440,2015-01-28,1050159,N,ES,H,24,2012-08-10,0,35,1,,1,I,S,N,,KHE,N,1,23,JAEN,0,
441,2015-01-28,1050160,N,ES,V,25,2012-08-10,0,35,1,,1,I,S,N,,KHE,N,1,45,TOLEDO,0,47382.24
442,2015-01-28,1050161,N,ES,H,24,2012-08-10,0,35,1,,1,A,S,N,,KHE,N,1,45,TOLEDO,1,107645.82
443,2015-01-28,1050162,N,ES,H,30,2012-08-10,0,35,1,,1,I,S,N,,KHE,N,1,26,"RIOJA, LA",0,104039.1
444,2015-01-28,1050163,N,ES,V,27,2012-08-10,0,35,1,,1,I,S,N,,KHE,N,1,8,BARCELONA,0,187596.69
445,2015-01-28,1050164,N,ES,V,23,2012-08-10,0,35,1,,1,I,S,N,,KHE,N,1,45,TOLEDO,0,112330.35
446,2015-01-28,1050165,N,ES,V,27,2012-08-10,0,35,1,,1,I,S,N,,KHE,N,1,45,TOLEDO,0,38420.37
447,2015-01-28,1050166,N,ES,V,35,2012-08-10,0,35,1,,1,I,S,N,,KHE,N,1,45,TOLEDO,0,138819.3
448,2015-01-28,1050167,N,ES,V,31,2012-08-10,0,35,1,,1,I,S,N,,KHE,N,1,12,CASTELLON,0,42729.72
449,2015-01-28,1050168,N,ES,H,24,2012-08-10,0,35,1,,1,I,S,N,,KHE,N,1,45,TOLEDO,0,129970.11
450,2015-01-28,1050169,N,ES,H,25,2012-08-10,0,35,1,,1,A,S,N,,KHE,N,1,28,MADRID,1,237484.71
451,2015-01-28,1050171,N,ES,H,29,2012-08-10,0,35,1,,1,I,S,N,,KHE,N,1,45,TOLEDO,0,72540.87
452,2015-01-28,1050172,N,ES,H,28,2012-08-10,0,35,1,,1,I,S,N,,KHE,N,1,46,VALENCIA,0,100036.47
453,2015-01-28,1050173,N,ES,H,58,2012-08-10,0,35,1,,1,I,S,N,,KHE,N,1,8,BARCELONA,0,
454,2015-01-28,1050175,N,ES,H,25,2012-08-10,0,35,1,,1,I,S,N,,KHE,N,1,28,MADRID,0,69710.31
455,2015-01-28,1050296,N,ES,H,25,2012-08-10,0,35,1,,1,I,S,N,,KHE,N,1,24,LEON,1,69481.92
456,2015-01-28,1050298,N,ES,H,23,2012-08-10,0,35,1,,1,A,S,N,,KHE,N,1,45,TOLEDO,1,63048.99
457,2015-01-28,1050299,N,ES,H,22,2012-08-10,0,35,1,,1,A,S,N,,KHD,N,1,15,"CORU�A, A",1,119972.37
458,2015-01-28,1050417,N,ES,V,23,2012-08-10,0,35,1,,1,I,S,N,,KHE,N,1,45,TOLEDO,0,126123.33
459,2015-01-28,1050418,N,ES,H,23,2012-08-10,0,35,1,,1,A,S,N,,KHE,N,1,15,"CORU�A, A",1,
460,2015-01-28,1050419,N,ES,V,44,2012-08-10,0,35,1,,1,I,S,S,,KHE,N,1,10,CACERES,0,
461,2015-01-28,1050420,N,ES,H,24,2012-08-10,0,35,1,,1,I,S,N,,KHE,N,1,45,TOLEDO,0,70921.41
462,2015-01-28,1050421,N,ES,V,23,2012-08-10,0,35,1,,1,I,S,N,,KHE,N,1,28,MADRID,0,364243.44
463,2015-01-28,1050422,N,ES,H,23,2012-08-10,0,35,1,,1,A,S,N,,KHE,N,1,27,LUGO,1,108519.51
464,2015-01-28,1050423,N,ES,H,23,2012-08-10,0,35,1,,1,A,S,N,,KHE,N,1,15,"CORU�A, A",1,
465,2015-01-28,1050424,N,ES,V,25,2012-08-10,0,35,1,,1,I,S,N,,KHE,N,1,31,NAVARRA,1,
466,2015-01-28,1050425,N,ES,V,25,2012-08-10,0,35,1,,1,I,S,N,,KHE,N,1,28,MADRID,0,365948.07
467,2015-01-28,1050426,N,ES,H,25,2012-08-10,0,35,1,,1,I,S,N,,KHE,N,1,35,"PALMAS, LAS",0,926880.45
468,2015-01-28,1050428,N,ES,H,23,2012-08-10,0,35,1,,1,A,S,N,,KHE,N,1,15,"CORU�A, A",1,154261.98
469,2015-01-28,1050430,N,ES,V,33,2012-08-10,0,35,1,,1,I,S,N,,KHE,N,1,28,MADRID,0,65238.21
470,2015-01-28,1050431,N,ES,H,23,2012-08-10,0,35,1,,1,I,S,N,,KHE,N,1,45,TOLEDO,0,109381.41
471,2015-01-28,1050432,N,ES,H,24,2012-08-10,0,35,1,,1,I,S,N,,KHE,N,1,45,TOLEDO,0,25762.35
472,2015-01-28,1050433,N,ES,H,26,2012-08-10,0,35,1,,1,I,S,N,,KHD,N,1,44,TERUEL,0,34802.01
473,2015-01-28,1050416,N,ES,V,23,2012-08-10,0,35,1,,1,I,S,N,,KHE,N,1,44,TERUEL,0,117134.16
474,2015-01-28,1050435,N,ES,H,24,2012-08-10,0,35,1,,1,I,S,N,,KHE,N,1,13,CIUDAD REAL,0,67181.64
475,2015-01-28,1050415,N,ES,H,23,2012-08-10,0,35,1,,1,A,S,N,,KHE,N,1,27,LUGO,1,73723.47
476,2015-01-28,1050413,N,ES,H,32,2012-08-10,0,35,1,,1,I,S,N,,KHE,N,1,45,TOLEDO,0,60330.48
477,2015-01-28,1050394,N,ES,H,22,2012-08-10,0,35,1,,1,I,S,N,,KHD,N,1,8,BARCELONA,0,
478,2015-01-28,1050396,N,ES,V,24,2012-08-10,0,35,1,,1,I,S,N,,KHE,N,1,16,CUENCA,0,25010.94
479,2015-01-28,1050397,N,ES,V,26,2012-08-10,0,35,1,,1,I,S,N,,KHE,N,1,31,NAVARRA,0,
480,2015-01-28,1050398,N,ES,H,22,2012-08-10,0,35,1,,1,I,S,N,,KHD,N,1,8,BARCELONA,0,87384.63
481,2015-01-28,1050400,N,ES,H,24,2012-08-10,0,35,1,,1,I,S,N,,KHE,N,1,45,TOLEDO,0,
482,2015-01-28,1050401,N,ES,H,23,2012-08-10,0,35,1,,1,A,S,N,,KHE,N,1,6,BADAJOZ,1,37896
483,2015-01-28,1050403,N,ES,H,24,2012-08-10,0,35,1,,1,I,S,N,,KHE,N,1,27,LUGO,1,
484,2015-01-28,1050404,N,ES,H,23,2012-08-10,0,35,1,,1,A,S,N,,KHE,N,1,15,"CORU�A, A",1,89161.05
485,2015-01-28,1050405,N,ES,V,24,2012-08-10,0,35,1,,1,I,S,N,,KHE,N,1,28,MADRID,0,252104.58
486,2015-01-28,1050406,N,ES,V,25,2012-08-10,0,35,1,,1,I,S,N,,KHE,N,1,5,AVILA,0,60706.17
487,2015-01-28,1050407,N,ES,V,24,2012-08-10,0,35,1,,1,I,S,N,,KHE,N,1,16,CUENCA,0,
488,2015-01-28,1050408,N,ES,V,23,2012-08-10,0,35,1,,1,I,S,N,,KHE,N,1,50,ZARAGOZA,0,115407.72
489,2015-01-28,1050409,N,ES,V,32,2012-08-10,0,35,1,,1,A,S,N,,KHE,N,1,45,TOLEDO,1,365727.99
490,2015-01-28,1050411,N,ES,H,23,2012-08-10,0,35,1,,1,A,S,N,,KHE,N,1,36,PONTEVEDRA,1,121045.71
491,2015-01-28,1050412,N,ES,V,25,2012-08-10,0,35,1,,1,I,S,N,,KHE,N,1,49,ZAMORA,0,27324.57
492,2015-01-28,1050414,N,ES,H,50,2012-08-10,0,35,1,,1,I,S,N,,KHE,N,1,45,TOLEDO,0,76899.12
493,2015-01-28,1050392,N,ES,H,22,2012-08-10,0,35,1,,1,I,S,N,,KHD,N,1,8,BARCELONA,0,112374.51
494,2015-01-28,1050436,N,ES,H,37,2012-08-10,0,35,1,,1,I,S,N,,KHE,N,1,45,TOLEDO,0,271389.57
495,2015-01-28,1050438,N,ES,V,25,2012-08-10,0,35,1,,1,I,S,N,,KHE,N,1,28,MADRID,1,
496,2015-01-28,1050462,N,ES,H,26,2012-08-10,0,35,1,,1,I,S,N,,KHE,N,1,45,TOLEDO,0,
497,2015-01-28,1050463,N,ES,H,23,2012-08-10,0,35,1,,1,A,S,N,,KHE,N,1,15,"CORU�A, A",1,40418.1
498,2015-01-28,1050464,N,ES,H,24,2012-08-10,0,35,1,,1,A,S,N,,KHE,N,1,13,CIUDAD REAL,1,47111.34
499,2015-01-28,1050465,N,ES,H,23,2012-08-10,0,35,1,,1,I,S,N,,KHE,N,1,45,TOLEDO,0,58180.29
500,2015-01-28,1050466,N,ES,H,23,2012-08-10,0,35,1,,1,A,S,N,,KHE,N,1,45,TOLEDO,1,
501,2015-01-28,1050467,N,ES,H,23,2012-08-10,0,35,1,,1,I,S,N,,KHE,N,1,13,CIUDAD REAL,1,49838.94
502,2015-01-28,1050468,N,ES,H,24,2012-08-10,0,35,1,,1,A,S,N,,KHE,N,1,15,"CORU�A, A",1,101984.85
503,2015-01-28,1050469,N,ES,V,23,2012-08-10,0,35,1,,1,A,S,N,,KHE,N,1,44,TERUEL,1,
504,2015-01-28,1050470,N,ES,H,23,2012-08-10,0,35,1,,1,I,S,N,,KHE,N,1,45,TOLEDO,0,86394.27
505,2015-01-28,1050473,N,ES,H,24,2012-08-10,0,35,1,,1,I,S,N,,KHE,N,1,13,CIUDAD REAL,0,57865.41
506,2015-01-28,1050474,N,ES,V,23,2012-08-10,0,35,1,,1,I,S,N,,KHE,N,1,45,TOLEDO,0,41442.21
507,2015-01-28,1050475,N,ES,V,23,2012-08-10,0,35,1,,1,I,S,N,,KHE,N,1,15,"CORU�A, A",0,199649.76
508,2015-01-28,1050476,N,ES,V,24,2012-08-10,0,35,1,,1,I,S,N,,KHE,N,1,2,ALBACETE,0,36725.28
509,2015-01-28,1050477,N,ES,V,23,2012-08-10,0,34,99,2015-07-02,1,A,S,N,,KHE,N,1,50,ZARAGOZA,0,
510,2015-01-28,1050478,N,ES,H,29,2012-08-10,0,35,1,,1,I,S,N,,KHE,N,1,5,AVILA,1,49859.13
511,2015-01-28,1050461,N,ES,V,28,2012-08-10,0,35,1,,1,A,S,N,,KHE,N,1,37,SALAMANCA,1,
512,2015-01-28,1050437,N,ES,H,30,2012-08-10,0,35,1,,1,I,S,N,,KHE,N,1,49,ZAMORA,0,45251.7
513,2015-01-28,1050460,N,ES,V,26,2012-08-10,0,35,1,,1,I,S,N,,KHE,N,1,45,TOLEDO,0,29389.44
514,2015-01-28,1050458,N,ES,V,27,2012-08-10,0,35,1,,1,I,S,N,,KHE,N,1,22,HUESCA,0,
515,2015-01-28,1050439,N,ES,H,32,2012-08-10,0,35,1,,1,I,S,S,,KHE,N,1,28,MADRID,0,326482.53
516,2015-01-28,1050441,N,ES,V,23,2012-08-10,0,35,1,,1,A,S,N,,KHE,N,1,45,TOLEDO,1,
517,2015-01-28,1050443,N,ES,V,30,2012-08-10,0,35,1,,1,I,S,N,,KHE,N,1,45,TOLEDO,0,59259.9
518,2015-01-28,1050444,N,ES,V,30,2012-08-10,0,35,1,,1,I,S,N,,KHE,N,1,28,MADRID,0,127387.65
519,2015-01-28,1050445,N,ES,H,23,2012-08-10,0,35,1,,1,I,S,N,,KHE,N,1,45,TOLEDO,0,55614.87
520,2015-01-28,1050446,N,ES,V,23,2012-08-10,0,35,1,,1,A,S,N,,KHE,N,1,45,TOLEDO,1,51473.79
521,2015-01-28,1050447,N,ES,H,26,2012-08-10,0,35,1,,1,I,S,N,,KHE,N,1,49,ZAMORA,0,74408.88
522,2015-01-28,1050449,N,ES,H,36,2012-08-10,0,35,1,,1,I,S,N,,KHE,N,1,45,TOLEDO,0,136572.9
523,2015-01-28,1050450,N,ES,H,42,2012-08-10,0,35,1,,1,I,S,N,,KHE,N,1,45,TOLEDO,0,134373.06
524,2015-01-28,1050451,N,ES,V,23,2012-08-10,0,35,1,,1,I,S,N,,KHE,N,1,45,TOLEDO,0,41430.24
525,2015-01-28,1050452,N,ES,V,24,2012-08-10,0,35,1,,1,I,S,N,,KHE,N,1,45,TOLEDO,0,
526,2015-01-28,1050453,N,ES,V,23,2012-08-10,0,35,1,,1,I,S,N,,KHE,N,1,45,TOLEDO,0,
527,2015-01-28,1050454,N,ES,H,23,2012-08-10,0,35,1,,1,I,S,N,,KHE,N,1,15,"CORU�A, A",0,109422.96
528,2015-01-28,1050455,N,ES,H,57,2012-08-10,0,35,1,,1,A,S,N,,KAT,N,1,28,MADRID,1,108421.98
529,2015-01-28,1050457,N,ES,H,38,2012-08-10,0,35,1,,1,I,S,N,,KHE,N,1,45,TOLEDO,0,133243.29
530,2015-01-28,1050459,N,ES,H,25,2012-08-10,0,35,1,,1,I,S,N,,KHE,N,1,13,CIUDAD REAL,0,45681.48
531,2015-01-28,1050391,N,ES,H,23,2012-08-10,0,35,1,,1,I,S,N,,KHE,N,1,45,TOLEDO,0,64317.21
532,2015-01-28,1050390,N,ES,H,24,2012-08-10,0,35,1,,1,A,S,N,,KHE,N,1,28,MADRID,1,242115.99
533,2015-01-28,1050389,N,ES,V,35,2012-08-10,0,35,1,,1,A,S,N,,KHE,N,1,15,"CORU�A, A",0,160539.15
534,2015-01-28,1050324,N,ES,H,23,2012-08-10,0,35,1,,1,I,S,N,,KHE,N,1,45,TOLEDO,0,66407.91
535,2015-01-28,1050325,N,ES,H,25,2012-08-10,0,35,1,,1,I,S,N,,KHE,N,1,45,TOLEDO,0,75208.98
536,2015-01-28,1050326,N,ES,H,23,2012-08-10,0,35,1,,1,A,S,N,,KHE,N,1,15,"CORU�A, A",1,61998.03
537,2015-01-28,1050327,N,ES,H,34,2012-08-10,0,35,1,,1,A,S,N,,KFA,N,1,28,MADRID,1,311891.1
538,2015-01-28,1050328,N,ES,H,22,2012-08-10,0,35,1,,1,A,S,N,,KHD,N,1,14,CORDOBA,1,62874.24
539,2015-01-28,1050330,N,ES,H,26,2012-08-10,0,35,1,,1,I,S,N,,KHE,N,1,27,LUGO,1,123576.93
540,2015-01-28,1050332,N,ES,H,23,2012-08-10,0,35,1,,1,I,S,N,,KHE,N,1,50,ZARAGOZA,0,172272
541,2015-01-28,1050333,N,ES,V,30,2012-08-10,0,35,1,,1,I,S,N,,KHE,N,1,49,ZAMORA,0,115710.48
542,2015-01-28,1050334,N,ES,V,22,2012-08-10,0,35,1,,1,A,S,N,,KHD,N,1,14,CORDOBA,1,55264.41
543,2015-01-28,1050336,N,ES,H,23,2012-08-10,0,35,1,,1,I,S,N,,KHE,N,1,16,CUENCA,1,66578.58
544,2015-01-28,1050337,N,ES,H,31,2012-08-10,0,35,1,,1,A,S,N,,KHE,N,1,45,TOLEDO,1,24624.6
545,2015-01-28,1050338,N,ES,H,23,2012-08-10,0,35,1,,1,I,S,N,,KHE,N,1,15,"CORU�A, A",0,
546,2015-01-28,1050340,N,ES,V,23,2012-08-10,0,35,1,,1,A,S,N,,KHE,N,1,50,ZARAGOZA,1,76088.94
547,2015-01-28,1050341,N,ES,H,23,2012-08-10,0,35,1,,1,I,S,N,,KHE,N,1,45,TOLEDO,0,53997.72
548,2015-01-28,1050342,N,ES,V,23,2012-08-10,0,35,1,,1,A,S,N,,KHE,N,1,45,TOLEDO,1,39263.16
549,2015-01-28,1050322,N,ES,H,23,2012-08-10,0,35,1,,1,I,S,N,,KHE,N,1,45,TOLEDO,0,128622.15
550,2015-01-28,1050343,N,ES,H,30,2012-08-10,0,35,1,,1,I,S,N,,KHE,N,1,45,TOLEDO,0,
551,2015-01-28,1050321,N,ES,V,23,2012-08-10,0,35,1,,1,I,S,N,,KHE,N,1,8,BARCELONA,0,
552,2015-01-28,1050318,N,ES,H,24,2012-08-10,0,35,1,,1,I,S,N,,KHE,N,1,13,CIUDAD REAL,0,29632.74
553,2015-01-28,1050301,N,ES,V,23,2012-08-10,0,35,1,,1,A,S,N,,KHE,N,1,8,BARCELONA,0,191768.16
554,2015-01-28,1050302,N,ES,H,23,2012-08-10,0,35,1,,1,A,S,N,,KHE,N,1,45,TOLEDO,0,36745.35
555,2015-01-28,1050303,N,ES,H,24,2012-08-10,0,35,1,,1,A,S,N,,KHE,N,1,15,"CORU�A, A",0,80142.21
556,2015-01-28,1050304,N,ES,H,26,2012-08-10,0,35,1,,1,I,S,S,,KHE,N,1,28,MADRID,0,63817.08
557,2015-01-28,1050305,N,ES,H,24,2012-08-10,0,35,1,,1,I,S,N,,KHE,N,1,45,TOLEDO,0,47329.5
558,2015-01-28,1050306,N,ES,H,23,2012-08-10,0,35,1,,1,I,S,N,,KHE,N,1,45,TOLEDO,0,138497.16
559,2015-01-28,1050307,N,ES,V,26,2012-08-10,0,35,1,,1,I,S,N,,KHE,N,1,50,ZARAGOZA,0,58255.41
560,2015-01-28,1050308,N,ES,H,33,2012-08-10,0,35,1,,1,A,S,N,,KFA,N,1,28,MADRID,1,159611.22
561,2015-01-28,1050309,N,ES,H,23,2012-08-10,0,35,1,,1,I,S,N,,KHE,N,1,16,CUENCA,0,
562,2015-01-28,1050310,N,ES,H,25,2012-08-10,0,35,1,,1,I,S,S,,KHE,N,1,6,BADAJOZ,0,54716.79
563,2015-01-28,1050311,N,ES,V,23,2012-08-10,0,35,1,,1,A,S,N,,KHE,N,1,15,"CORU�A, A",1,129780.12
564,2015-01-28,1050312,N,ES,H,22,2012-08-10,0,35,1,,1,A,S,N,,KHD,N,1,36,PONTEVEDRA,1,
565,2015-01-28,1050315,N,ES,H,23,2012-08-10,0,35,1,,1,I,S,N,,KHE,N,1,19,GUADALAJARA,0,51564.81
566,2015-01-28,1050316,N,ES,H,24,2012-08-10,0,35,1,,1,I,S,N,,KHE,N,1,45,TOLEDO,0,55874.82
567,2015-01-28,1050317,N,ES,V,25,2012-08-10,0,35,1,,1,I,S,N,,KHE,N,1,22,HUESCA,0,
568,2015-01-28,1050319,N,ES,V,22,2012-08-10,0,35,1,,1,A,S,N,,KHD,N,1,15,"CORU�A, A",1,66669.36
569,2015-01-28,1050344,N,ES,H,24,2012-08-10,0,35,1,,1,I,S,N,,KHE,N,1,15,"CORU�A, A",1,
570,2015-01-28,1050345,N,ES,V,23,2012-08-10,0,35,1,,1,I,S,S,,KHE,N,1,27,LUGO,0,66798.06
571,2015-01-28,1050346,N,ES,V,24,2012-08-10,0,35,1,,1,I,S,N,,KHE,N,1,45,TOLEDO,0,
572,2015-01-28,1050373,N,ES,V,28,2012-08-10,0,35,1,,1,I,S,N,,KHE,N,1,10,CACERES,0,64357.26
573,2015-01-28,1050374,N,ES,H,23,2012-08-10,0,35,1,,1,A,S,N,,KHE,N,1,23,JAEN,1,58150.56
574,2015-01-28,1050375,N,ES,H,23,2012-08-10,0,35,1,,1,I,S,N,,KHE,N,1,45,TOLEDO,0,84984.96
575,2015-01-28,1050376,N,ES,H,24,2012-08-10,0,35,1,,1,I,S,N,,KHE,N,1,15,"CORU�A, A",0,
